student Id, Student name,Student college, Student email, Student status, DSA Final Score, WebD Final Score, React Final Score, Interview date, Interview company, Interview result
634d4c9e80824acca9770c1f,gaurav,ignou,gaurav@gmail.com,Not placed,34,65,97,2022-09-30,google,Didn't attempt
634d4c9e80824acca9770c1f,gaurav,ignou,gaurav@gmail.com,Not placed,34,65,97,2022-10-17,amazon,PASS
634d4c9e80824acca9770c1f,gaurav,ignou,gaurav@gmail.com,Not placed,34,65,97,2022-10-11,Ola,PASS
634d4cb680824acca9770c2b,rahul,IIT,rahul@gmail.com,Placed,67,95,93,2022-09-30,google,PASS
634e5e2309ad130ef3291e33,amit,IIT,amit@gmail.com,Not placed,23,52,63,2022-10-13,abcd,PASS
634e5e2309ad130ef3291e33,amit,IIT,amit@gmail.com,Not placed,23,52,63,2022-10-11,Ola,On Hold